{"branches": 54.94505494505495, "coverage": 75.81320450885669}