{"branches": 66.17647058823529, "coverage": 78.19037656903765}