{"branches": 67.0103092783505, "coverage": 75.08650519031141}