{"branches": 67.36842105263158, "coverage": 74.35755733628075}