{"branches": 59.45945945945946, "coverage": 85.53635998392929}