{"branches": 59.45945945945946, "coverage": 86.79950186799502}