{"branches": 51.78571428571429, "coverage": 78.42003853564547}