{"branches": 54.94505494505495, "coverage": 75.41409548554725}