{"branches": 58.666666666666664, "coverage": 80.55555555555556}