{"branches": 62.18487394957983, "coverage": 87.45813174544101}