{"branches": 67.36842105263158, "coverage": 73.46322722283205}