{"branches": 66.66666666666666, "coverage": 77.04066034851728}