{"branches": 67.32673267326733, "coverage": 88.16326530612245}