{"branches": 58.06451612903226, "coverage": 77.47022851625363}