{"branches": 67.36842105263158, "coverage": 77.39801543550165}