{"branches": 58.06451612903226, "coverage": 75.60527122280111}