{"branches": 61.53846153846154, "coverage": 87.09302325581395}