{"branches": 58.666666666666664, "coverage": 78.44762622456669}