{"branches": 59.45945945945946, "coverage": 89.43661971830986}