{"branches": 67.32673267326733, "coverage": 88.08545603944124}