{"branches": 64.8936170212766, "coverage": 86.38902996444897}