{"branches": 64.8936170212766, "coverage": 86.56949505465903}