{"branches": 59.036144578313255, "coverage": 77.89367429340511}