{"branches": 66.66666666666666, "coverage": 82.88238542241857}