{"branches": 59.45945945945946, "coverage": 86.97788697788698}