{"branches": 62.18487394957983, "coverage": 87.29007633587787}