{"branches": 57.89473684210527, "coverage": 87.24774581365394}