{"branches": 63.23529411764706, "coverage": 85.57126030624264}