{"branches": 67.64705882352942, "coverage": 86.02449888641426}