{"branches": 58.06451612903226, "coverage": 77.55690926579032}