{"branches": 58.06451612903226, "coverage": 77.64292558288088}