{"branches": 68.26923076923077, "coverage": 87.27606798346348}