{"branches": 54.94505494505495, "coverage": 75.5798969072165}