{"branches": 59.45945945945946, "coverage": 86.7334167709637}