{"branches": 58.333333333333336, "coverage": 81.0105496946141}