{"branches": 67.32673267326733, "coverage": 87.9578947368421}