{"branches": 57.89473684210527, "coverage": 86.93156732891832}