{"branches": 61.53846153846154, "coverage": 86.9921875}