{"branches": 62.18487394957983, "coverage": 87.44343891402715}